id,sync_batch,date,account,merchant,memo,amount
txn_1001,1,2026-08-03,card,SYSCO PHILA 8827,SYSCO PHILA 8827,1842.17
txn_1002,1,2026-08-03,bank,DOORDASH PAYOUT,DOORDASH INC PAYOUT,-2210.45
txn_1003,1,2026-08-03,card,HOME DEPOT #4102,HOME DEPOT #4102,146.88
txn_1004,1,2026-08-04,bank,TOAST PAYOUT,TOAST INC DAILY PAYOUT,-6120.30
txn_1005,1,2026-08-04,card,US FOODS 2201,US FOODS 2201,977.60
txn_1006,1,2026-08-04,card,AMZN MKTP US*2K4X9,AMAZON MARKETPLACE,84.12
txn_1007,1,2026-08-05,bank,METRO GAS & ELECTRIC,AUTOPAY METRO GAS & ELECTRIC,1288.40
txn_1008,1,2026-08-05,card,WEBSTAURANT STORE,WEBSTAURANT STORE,412.75
txn_1009,1,2026-08-05,bank,TOAST PAYOUT,TOAST INC DAILY PAYOUT,-5877.10
txn_1010,1,2026-08-06,card,ECOLAB 7710,ECOLAB 7710,233.00
txn_1011,1,2026-08-06,card,7SHIFTS,7SHIFTS MONTHLY,139.99
txn_1012,1,2026-08-06,bank,UBER EATS PAYOUT,UBER EATS PAYOUT,-1430.22
txn_1013,1,2026-08-07,card,RESTAURANT DEPOT 0093,RESTAURANT DEPOT 0093,655.30
txn_1014,1,2026-08-07,bank,COMCAST BUSINESS,AUTOPAY COMCAST BUSINESS,219.90
txn_1015,1,2026-08-07,card,INDEED,INDEED SPONSORED JOB,300.00
txn_1016,1,2026-08-08,bank,ONLINE PAYMENT TO CARD 4421,ONLINE PAYMENT TO CARD 4421,4850.00
txn_1017,1,2026-08-08,card,PAYMENT RECEIVED,ONLINE PAYMENT - THANK YOU,-4850.00
txn_1018,1,2026-08-08,card,SYSCO PHILA 8827,SYSCO CREDIT SHORTED DELIVERY,-184.20
txn_1019,1,2026-08-10,bank,TOAST PAYOUT,TOAST INC DAILY PAYOUT,-6402.85
txn_1020,1,2026-08-10,card,SHELL OIL 57318,PENDING - SHELL OIL,1.00
txn_1021,1,2026-08-10,card,US FOODS 2201,US FOODS 2201,1120.05
txn_1022,1,2026-08-11,bank,MAINLINE PROPERTIES LLC,ACH PAYMENT MAINLINE PROPERTIES,6500.00
txn_1023,1,2026-08-11,bank,GUSTO,GUSTO PAYROLL,14210.66
txn_1024,1,2026-08-11,card,HOME DEPOT #4102,HOME DEPOT RETURN,-59.99
txn_1025,1,2026-08-12,card,WEBSTAURANT STORE,WEBSTAURANT STORE,1288.00
txn_1026,1,2026-08-12,bank,DOORDASH PAYOUT,DOORDASH INC PAYOUT,-1980.13
txn_1027,1,2026-08-13,bank,TRANSFER TO SAVINGS 8810,ONLINE TRANSFER TO SAVINGS 8810,10000.00
txn_1028,1,2026-08-13,card,STAPLES 01188,STAPLES,67.43
txn_1029,1,2026-08-13,card,SYSCO PHILA 8827,SYSCO PHILA 8827,2011.90
txn_1030,1,2026-08-14,bank,TOAST PAYOUT,TOAST INC DAILY PAYOUT,-5990.00
txn_1031,1,2026-08-14,card,ECOLAB 7710,ECOLAB 7710,233.00
txn_1032,1,2026-08-14,card,RESTAURANT DEPOT 0093,RESTAURANT DEPOT 0093,402.18
txn_1033,1,2026-08-17,bank,CITY WATER DEPT,CITY WATER DEPT,341.20
txn_1034,1,2026-08-17,bank,UBER EATS PAYOUT,UBER EATS PAYOUT,-1210.77
txn_1035,1,2026-08-17,card,US FOODS 2201,PENDING - US FOODS,890.00
txn_1036,1,2026-08-18,card,WEBSTAURANT STORE,WEBSTAURANT RETURN,-212.40
txn_1037,1,2026-08-18,card,AMZN MKTP US*7Q1P2,AMAZON MARKETPLACE REFUND,-41.99
txn_1038,1,2026-08-18,bank,TOAST PAYOUT,TOAST INC DAILY PAYOUT,-6231.44
txn_1039,1,2026-08-19,card,HOME DEPOT #4102,HOME DEPOT #4102,388.12
txn_1040,1,2026-08-19,bank,TRANSFER FROM SAVINGS 8810,ONLINE TRANSFER FROM SAVINGS 8810,-5000.00
txn_1041,1,2026-08-20,card,SYSCO PHILA 8827,PENDING - SYSCO,1755.00
txn_1042,1,2026-08-20,card,INDEED,INDEED SPONSORED JOB,300.00
txn_1043,1,2026-08-21,bank,DOORDASH PAYOUT,DOORDASH INC PAYOUT,-2402.90
txn_1044,1,2026-08-21,card,ECOLAB 7710,ECOLAB 7710,118.50
txn_1045,1,2026-08-24,bank,GUSTO,GUSTO PAYROLL,14388.02
txn_1046,1,2026-08-24,card,RESTAURANT DEPOT 0093,PENDING - RESTAURANT DEPOT,512.00
txn_1047,1,2026-08-25,bank,TOAST PAYOUT,TOAST INC DAILY PAYOUT,-6009.72
txn_1048,1,2026-08-25,card,US FOODS 2201,US FOODS 2201,1044.30
txn_1020,2,2026-08-10,card,SHELL OIL 57318,SHELL OIL 57318,62.40
txn_1035,2,2026-08-17,card,US FOODS 2201,US FOODS 2201,890.00
txn_1041,2,2026-08-20,card,SYSCO PHILA 8827,SYSCO PHILA 8827,1755.00
txn_1046,2,2026-08-24,card,RESTAURANT DEPOT 0093,RESTAURANT DEPOT 0093,518.35
txn_1049,2,2026-08-26,card,SYSCO PHILA 8827,SYSCO PHILA 8827,1902.66
txn_1050,2,2026-08-26,bank,UBER EATS PAYOUT,UBER EATS PAYOUT,-1388.05
txn_1051,2,2026-08-27,bank,ONLINE PAYMENT TO CARD 4421,ONLINE PAYMENT TO CARD 4421,6200.00
txn_1052,2,2026-08-27,card,PAYMENT RECEIVED,ONLINE PAYMENT - THANK YOU,-6200.00
txn_1053,2,2026-08-27,card,HOME DEPOT #4102,HOME DEPOT #4102,92.40
txn_1054,2,2026-08-28,bank,TOAST PAYOUT,TOAST INC DAILY PAYOUT,-6540.18
txn_1055,2,2026-08-28,card,WEBSTAURANT STORE,WEBSTAURANT STORE,305.60
txn_1056,2,2026-08-31,bank,METRO GAS & ELECTRIC,AUTOPAY METRO GAS & ELECTRIC,1310.75
